student,height_cm,weight_kg
student6,157.48,38.555320
student7,165.10,36.287360
student2,149.86,45.359200
student1,162.56,40.823280
student3,175.26,43.091240
student5,152.40,36.287360
